[
    {
      "name": "Project 1",
      "address": "xyz address line 1",
      "status": "Active",
      "contractors": [
        {
          "name": "contractor 1",
          "id": 100
        }
      ],
      "designers": [
        {
          "name": "designer 1",
          "id": 200
        },
        {
          "id": 201,
          "name": "designer 2"
        }
      ],
      "clients": [
        {
          "name": "client 1",
          "id": 300
        }
      ],
      "architects": [
        {
          "name": "architects 1",
          "id": 400
        }
      ],
      "startDate": "2019-06-01",
      "endDate": "2020-08-07"
    },
    {
      "name": "Project 2",
      "address": "abc address line 2",
      "status": "Active",
      "contractors": [
        {
          "id": 101,
          "name": "contractor 2"
        }
      ],
      "designers": [
        {
          "id": 203,
          "name": "designer 3"
        },
        {
          "id": 204,
          "name": "designer 4"
        }
      ],
      "clients": [
        {
          "id": 301,
          "name": "client 2"
        }
      ],
      "architects": [
        {
          "id": 401,
          "name": "architect 4"
        }
      ],
      "startDate": "2019-08-02",
      "endDate": "2020-12-30"
    },
    {
      "name": "Project 3",
      "address": "abc address line ",
      "status": "Inactive",
      "contractors": [
        {
          "id": 103,
          "name": "contractor 3"
        }
      ],
      "designers": [
        {
          "id": 202,
          "name": "designer 2"
        }
      ],
      "clients": [
        {
          "id": 303,
          "name": "client 3"
        }
      ],
      "architects": [
        {
          "id": 404,
          "name": "architect 4"
        }
      ],
      "startDate": "2019-08-02",
      "endDate": "2020-02-22"
    }
  ]